Name,Phone
Ohio Concrete Recycling,13307982908
Davidson Concrete Construction Co,13306440621
Kat's Concrete Leveling LLC,13303022448
A J & S Concrete inc,13307338012
Superior Concrete Columbus,13802674943
Arlington Concrete,16142455011
"Bill Lewis Cement Contractor, LLC",16148911860
Cuyahoga Concrete Co,12167710010
Cleveland Cement Contractors,12167413954
Deco-Crete Supply,12162022529
Concrete Express,14403562902
Cincinnati Concrete Co,15132245507
Sam The Concrete Man Cincinnati,15137832368
Cincinnati Concrete Solutions,15132605691
Superior Concrete & Excavation,15136003040
Superior Concrete Cincinnati,15139935657
Alex Concrete,18049660863
Cincinnati Concrete Creations,15139532259
Concrete Company Cincinnati,15138663140
Toledo Concrete Professionals,14196707178
B & J Concrete & Construction And Chimney Repair,14197230641
All Aspects,14193600866
Arnold's Home Improvement,14193182760
Hayes Concrete & Pools,+17402583461
Wilson Concrete and Excavation,+17406166685
Mini Mix Inc,+17403455343
SHERRARD CONSTRUCTION LLC,+17407550849
Jutlew Co,+17403664572
Expert Foundation Repair Newark,+17407566484
